name,x,y,z,heading,pitch,roll
moli01_00002.jpeg,-28.66449778189284,2.992868473279703,13.30933728489777,94.05808993097595,71.27478687860886,0.2758715200866709
moli01_00004.jpeg,-28.66251126220151,2.995997568259568,13.30644012835332,94.08965530383588,71.27648102970805,0.3087455611877157
